系列書名,集數,出版社,售價,購買日期
【簡體直條式漫畫】野百合與紫羅蘭,58,星際互娛,10,2023-08-31 23:35:04
【簡體直條式漫畫】野百合與紫羅蘭,48,星際互娛,10,2023-08-31 23:35:03
【簡體直條式漫畫】野百合與紫羅蘭,49,星際互娛,10,2023-08-31 23:35:03
【簡體直條式漫畫】野百合與紫羅蘭,50,星際互娛,10,2023-08-31 23:35:03
【簡體直條式漫畫】野百合與紫羅蘭,51,星際互娛,10,2023-08-31 23:35:03
【簡體直條式漫畫】野百合與紫羅蘭,52,星際互娛,10,2023-08-31 23:35:03
【簡體直條式漫畫】野百合與紫羅蘭,53,星際互娛,10,2023-08-31 23:35:03
【簡體直條式漫畫】野百合與紫羅蘭,54,星際互娛,10,2023-08-31 23:35:03
【簡體直條式漫畫】野百合與紫羅蘭,55,星際互娛,10,2023-08-31 23:35:03
【簡體直條式漫畫】野百合與紫羅蘭,56,星際互娛,10,2023-08-31 23:35:03
【簡體直條式漫畫】野百合與紫羅蘭,57,星際互娛,10,2023-08-31 23:35:03
【簡體直條式漫畫】野百合與紫羅蘭,44,星際互娛,10,2023-08-31 23:35:03
【簡體直條式漫畫】野百合與紫羅蘭,45,星際互娛,10,2023-08-31 23:35:03
【簡體直條式漫畫】野百合與紫羅蘭,46,星際互娛,10,2023-08-31 23:35:03
【簡體直條式漫畫】野百合與紫羅蘭,47,星際互娛,10,2023-08-31 23:35:03
【簡體直條式漫畫】野百合與紫羅蘭,37,星際互娛,10,2023-08-31 23:35:02
【簡體直條式漫畫】野百合與紫羅蘭,38,星際互娛,10,2023-08-31 23:35:02
【簡體直條式漫畫】野百合與紫羅蘭,39,星際互娛,10,2023-08-31 23:35:02
【簡體直條式漫畫】野百合與紫羅蘭,40,星際互娛,10,2023-08-31 23:35:02
【簡體直條式漫畫】野百合與紫羅蘭,41,星際互娛,10,2023-08-31 23:35:02
【簡體直條式漫畫】野百合與紫羅蘭,42,星際互娛,10,2023-08-31 23:35:02
【簡體直條式漫畫】野百合與紫羅蘭,43,星際互娛,10,2023-08-31 23:35:02
【簡體直條式漫畫】野百合與紫羅蘭,34,星際互娛,10,2023-08-31 23:35:02
【簡體直條式漫畫】野百合與紫羅蘭,19,星際互娛,10,2023-08-31 23:35:02
【簡體直條式漫畫】野百合與紫羅蘭,35,星際互娛,10,2023-08-31 23:35:02
【簡體直條式漫畫】野百合與紫羅蘭,20,星際互娛,10,2023-08-31 23:35:02
【簡體直條式漫畫】野百合與紫羅蘭,36,星際互娛,10,2023-08-31 23:35:02
【簡體直條式漫畫】野百合與紫羅蘭,21,星際互娛,10,2023-08-31 23:35:02
【簡體直條式漫畫】野百合與紫羅蘭,22,星際互娛,10,2023-08-31 23:35:02
【簡體直條式漫畫】野百合與紫羅蘭,23,星際互娛,10,2023-08-31 23:35:02
【簡體直條式漫畫】野百合與紫羅蘭,24,星際互娛,10,2023-08-31 23:35:02
【簡體直條式漫畫】野百合與紫羅蘭,25,星際互娛,10,2023-08-31 23:35:02
【簡體直條式漫畫】野百合與紫羅蘭,26,星際互娛,10,2023-08-31 23:35:02
【簡體直條式漫畫】野百合與紫羅蘭,27,星際互娛,10,2023-08-31 23:35:02
【簡體直條式漫畫】野百合與紫羅蘭,12,星際互娛,10,2023-08-31 23:35:02
【簡體直條式漫畫】野百合與紫羅蘭,28,星際互娛,10,2023-08-31 23:35:02
【簡體直條式漫畫】野百合與紫羅蘭,13,星際互娛,10,2023-08-31 23:35:02
【簡體直條式漫畫】野百合與紫羅蘭,29,星際互娛,10,2023-08-31 23:35:02
【簡體直條式漫畫】野百合與紫羅蘭,14,星際互娛,10,2023-08-31 23:35:02
【簡體直條式漫畫】野百合與紫羅蘭,30,星際互娛,10,2023-08-31 23:35:02
【簡體直條式漫畫】野百合與紫羅蘭,15,星際互娛,10,2023-08-31 23:35:02
【簡體直條式漫畫】野百合與紫羅蘭,31,星際互娛,10,2023-08-31 23:35:02
【簡體直條式漫畫】野百合與紫羅蘭,16,星際互娛,10,2023-08-31 23:35:02
【簡體直條式漫畫】野百合與紫羅蘭,32,星際互娛,10,2023-08-31 23:35:02
【簡體直條式漫畫】野百合與紫羅蘭,17,星際互娛,10,2023-08-31 23:35:02
【簡體直條式漫畫】野百合與紫羅蘭,33,星際互娛,10,2023-08-31 23:35:02
【簡體直條式漫畫】野百合與紫羅蘭,18,星際互娛,10,2023-08-31 23:35:02
【簡體直條式漫畫】野百合與紫羅蘭,8,星際互娛,10,2023-08-31 23:35:01
【簡體直條式漫畫】野百合與紫羅蘭,9,星際互娛,10,2023-08-31 23:35:01
【簡體直條式漫畫】野百合與紫羅蘭,10,星際互娛,10,2023-08-31 23:35:01
【簡體直條式漫畫】野百合與紫羅蘭,11,星際互娛,10,2023-08-31 23:35:01
【簡體直條式漫畫】野百合與紫羅蘭,7,星際互娛,10,2023-08-31 23:32:51
【簡體直條式漫畫】心聲緋緋,43,星際互娛,10,2023-08-24 16:08:38
【簡體直條式漫畫】心聲緋緋,42,星際互娛,10,2023-08-24 16:07:25
【簡體直條式漫畫】心聲緋緋,41,星際互娛,10,2023-08-24 16:05:56
【簡體直條式漫畫】心聲緋緋,22,星際互娛,10,2023-08-24 16:04:29
【簡體直條式漫畫】心聲緋緋,21,星際互娛,10,2023-08-24 16:03:31
【簡體直條式漫畫】心聲緋緋,20,星際互娛,10,2023-08-24 16:02:28
【簡體直條式漫畫】心聲緋緋,19,星際互娛,10,2023-08-24 16:01:22
【簡體直條式漫畫】心聲緋緋,18,星際互娛,10,2023-08-24 16:00:00
【簡體直條式漫畫】心聲緋緋,17,星際互娛,10,2023-08-24 15:58:50
【簡體直條式漫畫】心聲緋緋,16,星際互娛,10,2023-08-24 15:57:19
【簡體直條式漫畫】心聲緋緋,15,星際互娛,10,2023-08-24 15:55:26
【簡體直條式漫畫】心聲緋緋,14,星際互娛,10,2023-08-24 15:54:19
【簡體直條式漫畫】心聲緋緋,13,星際互娛,10,2023-08-24 15:53:25
【簡體直條式漫畫】心聲緋緋,12,星際互娛,10,2023-08-24 15:52:15
【簡體直條式漫畫】心聲緋緋,11,星際互娛,10,2023-08-24 15:50:52
【簡體直條式漫畫】心聲緋緋,10,星際互娛,10,2023-08-24 15:49:22
【簡體直條式漫畫】心聲緋緋,9,星際互娛,10,2023-08-24 15:48:10
【簡體直條式漫畫】心聲緋緋,8,星際互娛,10,2023-08-24 15:47:16
【簡體直條式漫畫】心聲緋緋,7,星際互娛,10,2023-08-24 15:45:45
【簡體直條式漫畫】心聲緋緋,6,星際互娛,10,2023-08-24 15:44:53
【直條式漫畫】半彎不直,24,星際互娛,10,2023-08-20 13:43:05
【直條式漫畫】半彎不直,4,星際互娛,10,2023-08-20 09:05:18
【直條式漫畫】半彎不直,3,星際互娛,10,2023-08-20 09:03:59
【簡體直條式漫畫】沉魚,9,星際互娛,10,2023-08-20 02:09:18
【簡體直條式漫畫】沉魚,8,星際互娛,10,2023-08-20 02:08:12
【簡體直條式漫畫】沉魚,7,星際互娛,10,2023-08-20 02:07:09
【直條式漫畫】半彎不直,14,星際互娛,10,2023-08-19 14:28:48
【直條式漫畫】半彎不直,13,星際互娛,10,2023-08-19 14:28:32
【直條式漫畫】半彎不直,12,星際互娛,10,2023-08-19 14:28:15
【直條式漫畫】半彎不直,11,星際互娛,10,2023-08-19 14:27:56
